{"cameraMode":{"drawMode":0,"name":"Shaded","section":"Shading Mode"},"sceneLighting":true,"audioPlay":false,"sceneViewState":{"showFog":true,"showMaterialUpdate":false,"showSkybox":true,"showFlares":true,"showImageEffects":true,"showParticleSystems":true},"in2DMode":false,"pivot":{"x":-0.7156381607055664,"y":7.673943519592285,"z":-5.549473762512207},"rotation":{"x":-0.05961727723479271,"y":-0.9330824017524719,"z":0.18314166367053986,"w":-0.3037468492984772},"size":11.456584930419922,"orthographic":false}