{"cameraMode":{"drawMode":0,"name":"Shaded","section":"Shading Mode"},"sceneLighting":false,"audioPlay":false,"sceneViewState":{"showFog":true,"showMaterialUpdate":false,"showSkybox":true,"showFlares":true,"showImageEffects":true,"showParticleSystems":true},"in2DMode":false,"pivot":{"x":0.31298065185546877,"y":2.8462166786193849,"z":-10.121695518493653},"rotation":{"x":-0.01901407353579998,"y":0.9417431354522705,"z":-0.054030705243349078,"w":-0.33141982555389407},"size":10.758633613586426,"orthographic":false}