{"cameraMode":{"drawMode":0,"name":"Shaded","section":"Shading Mode"},"sceneLighting":false,"audioPlay":false,"sceneViewState":{"showFog":true,"showMaterialUpdate":false,"showSkybox":true,"showFlares":true,"showImageEffects":true,"showParticleSystems":true},"in2DMode":false,"pivot":{"x":0.19165241718292237,"y":4.338494300842285,"z":-3.450448513031006},"rotation":{"x":-0.13408175110816956,"y":0.7743037343025208,"z":-0.1750282198190689,"w":-0.5931618213653565},"size":18.84676742553711,"orthographic":false}