{"cameraMode":{"drawMode":0,"name":"Shaded","section":"Shading Mode"},"sceneLighting":false,"audioPlay":false,"sceneViewState":{"showFog":true,"showMaterialUpdate":false,"showSkybox":true,"showFlares":true,"showImageEffects":true,"showParticleSystems":true},"in2DMode":false,"pivot":{"x":-5.4978203773498539,"y":15.108497619628907,"z":-45.696678161621097},"rotation":{"x":0.132258340716362,"y":-0.6706323027610779,"z":0.12329065799713135,"w":0.719416081905365},"size":7.788753509521484,"orthographic":false}