{"cameraMode":{"drawMode":0,"name":"Shaded","section":"Shading Mode"},"sceneLighting":false,"audioPlay":false,"sceneViewState":{"showFog":true,"showMaterialUpdate":false,"showSkybox":true,"showFlares":true,"showImageEffects":true,"showParticleSystems":true},"in2DMode":false,"pivot":{"x":5.309000015258789,"y":2.7750000953674318,"z":-12.335000038146973},"rotation":{"x":-0.01901407353579998,"y":0.9417431354522705,"z":-0.054030705243349078,"w":-0.33141982555389407},"size":1.7108906507492066,"orthographic":false}