{"cameraMode":{"drawMode":0,"name":"Shaded","section":"Shading Mode"},"sceneLighting":false,"audioPlay":false,"sceneViewState":{"showFog":true,"showMaterialUpdate":false,"showSkybox":true,"showFlares":true,"showImageEffects":true,"showParticleSystems":true},"in2DMode":false,"pivot":{"x":0.0,"y":8.029999732971192,"z":-0.03364767134189606},"rotation":{"x":-0.0017673521069809795,"y":-0.22075064480304719,"z":0.0004009316035080701,"w":-0.9753286242485046},"size":2.4628772735595705,"orthographic":false}