{"cameraMode":{"drawMode":0,"name":"Shaded","section":"Shading Mode"},"sceneLighting":false,"audioPlay":false,"sceneViewState":{"showFog":true,"showMaterialUpdate":false,"showSkybox":true,"showFlares":true,"showImageEffects":true,"showParticleSystems":true},"in2DMode":false,"pivot":{"x":0.0,"y":8.34000015258789,"z":-0.03364767134189606},"rotation":{"x":-0.12280960381031037,"y":0.7218381762504578,"z":-0.13270258903503419,"w":-0.6680251955986023},"size":2.4628777503967287,"orthographic":false}