{"cameraMode":{"drawMode":0,"name":"Shaded","section":"Shading Mode"},"sceneLighting":false,"audioPlay":false,"sceneViewState":{"showFog":true,"showMaterialUpdate":false,"showSkybox":true,"showFlares":true,"showImageEffects":true,"showParticleSystems":true},"in2DMode":false,"pivot":{"x":0.10000000149011612,"y":12.069999694824219,"z":-3.490000009536743},"rotation":{"x":-0.027448290959000589,"y":0.45890119671821597,"z":-0.014185581356287003,"w":-0.8879499435424805},"size":22.0,"orthographic":false}