{"cameraMode":{"drawMode":0,"name":"Shaded","section":"Shading Mode"},"sceneLighting":true,"audioPlay":false,"sceneViewState":{"showFog":true,"showMaterialUpdate":false,"showSkybox":true,"showFlares":true,"showImageEffects":true,"showParticleSystems":true},"in2DMode":false,"pivot":{"x":10.34249496459961,"y":18.72954559326172,"z":6.7511396408081059},"rotation":{"x":0.011905202642083168,"y":0.9801685214042664,"z":-0.06213727220892906,"w":0.18779492378234864},"size":0.8251537680625916,"orthographic":false}