{"cameraMode":{"drawMode":0,"name":"Shaded","section":"Shading Mode"},"sceneLighting":true,"audioPlay":false,"sceneViewState":{"showFog":true,"showMaterialUpdate":false,"showSkybox":true,"showFlares":true,"showImageEffects":true,"showParticleSystems":true},"in2DMode":false,"pivot":{"x":-1.876333236694336,"y":-8.57332706451416,"z":-8.641178131103516},"rotation":{"x":-0.12280960381031037,"y":0.7218381762504578,"z":-0.13270258903503419,"w":-0.6680251955986023},"size":23.292049407958986,"orthographic":false}