{"cameraMode":{"drawMode":0,"name":"Shaded","section":"Shading Mode"},"sceneLighting":true,"audioPlay":false,"sceneViewState":{"showFog":true,"showMaterialUpdate":false,"showSkybox":true,"showFlares":true,"showImageEffects":true,"showParticleSystems":true},"in2DMode":false,"pivot":{"x":10.119251251220704,"y":18.75038719177246,"z":6.899598598480225},"rotation":{"x":0.0060022370889782909,"y":0.9939967393875122,"z":-0.07799916714429856,"w":0.07648973912000656},"size":0.49995437264442446,"orthographic":false}