{"cameraMode":{"drawMode":0,"name":"Shaded","section":"Shading Mode"},"sceneLighting":false,"audioPlay":false,"sceneViewState":{"showFog":true,"showMaterialUpdate":false,"showSkybox":true,"showFlares":true,"showImageEffects":true,"showParticleSystems":true},"in2DMode":false,"pivot":{"x":4.769999980926514,"y":0.8757637739181519,"z":-2.0},"rotation":{"x":-0.08039887249469757,"y":0.7753035426139832,"z":-0.10081686079502106,"w":-0.6182851791381836},"size":3.7124276161193849,"orthographic":false}