{"cameraMode":{"drawMode":0,"name":"Shaded","section":"Shading Mode"},"sceneLighting":true,"audioPlay":false,"sceneViewState":{"showFog":true,"showMaterialUpdate":false,"showSkybox":true,"showFlares":true,"showImageEffects":true,"showParticleSystems":true},"in2DMode":false,"pivot":{"x":10.150250434875489,"y":18.917922973632814,"z":6.959949970245361},"rotation":{"x":0.000917150464374572,"y":-0.9977816343307495,"z":-0.014067880809307099,"w":-0.06506242603063584},"size":0.799954354763031,"orthographic":false}