{"cameraMode":{"drawMode":0,"name":"Shaded","section":"Shading Mode"},"sceneLighting":true,"audioPlay":false,"sceneViewState":{"showFog":true,"showMaterialUpdate":false,"showSkybox":true,"showFlares":true,"showImageEffects":true,"showParticleSystems":true},"in2DMode":false,"pivot":{"x":0.15133190155029298,"y":7.845261573791504,"z":-2.76139497756958},"rotation":{"x":0.03247956559062004,"y":-0.9661433100700378,"z":0.15284624695777894,"w":0.20530545711517335},"size":2.930957317352295,"orthographic":false}