{"cameraMode":{"drawMode":0,"name":"Shaded","section":"Shading Mode"},"sceneLighting":false,"audioPlay":false,"sceneViewState":{"showFog":true,"showMaterialUpdate":false,"showSkybox":true,"showFlares":true,"showImageEffects":true,"showParticleSystems":true},"in2DMode":false,"pivot":{"x":0.12718001008033753,"y":8.620576858520508,"z":1.8297333717346192},"rotation":{"x":-0.04391373693943024,"y":0.9482351541519165,"z":-0.15089550614356996,"w":-0.27595701813697817},"size":0.23712211847305299,"orthographic":false}